{
    "oct": {
        "min_median": 16.0,
        "max_median": 76.0,
        "percentile_0_5": 0.0,
        "percentile_99_5": 250.0,
        "sigma_6_low": -209.01352256498078,
        "sigma_6_high": 318.0828010378406,
        "sigma_12_low": -472.56168436639143,
        "sigma_12_high": 581.6309628392513
    }
}